{
    "galaxy": {
      "center_x": 0,
      "center_y": 0,
      "center_z": 0,
      "rotation_speed": 0.005
    },
    "starSystems": [
      {
        "name": "Kepler-186",
        "sy_dist": 30.0,
        "ra": 95.0,
        "dec": 5.0,
        "st_teff": 5000,
        "st_lum": 0.5,
        "distance_from_center": 120,
        "rotation_speed": 0.02,
        "planets": [
          {
            "name": "Kepler-186f",
            "semi_major_axis": 1.1,
            "eccentricity": 0.01,
            "orbital_period": 365.0,
            "inclination": 0.0,
            "habitable_zone": true,
            "radius": 0.9,
            "angular_separation": 0,
            "texture": "Earth.png"
          },
          {
            "name": "Kepler-186c",
            "semi_major_axis": 1.5,
            "eccentricity": 0.1,
            "orbital_period": 500.0,
            "inclination": 10.0,
            "habitable_zone": false,
            "radius": 0.7,
            "angular_separation": 30,
            "texture": null
          }
        ]
      },
      {
        "name": "TRAPPIST-1",
        "sy_dist": 25.0,
        "ra": 115.0,
        "dec": -5.0,
        "st_teff": 2700,
        "st_lum": 0.08,
        "distance_from_center": 95,
        "rotation_speed": 0.006,
        "planets": [
          {
            "name": "TRAPPIST-1e",
            "semi_major_axis": 0.03,
            "eccentricity": 0.02,
            "orbital_period": 6.1,
            "inclination": 15.0,
            "habitable_zone": true,
            "radius": 0.9,
            "angular_separation": 0,
            "texture": "Mars.png"
          },
          {
            "name": "TRAPPIST-1d",
            "semi_major_axis": 0.05,
            "eccentricity": 0.02,
            "orbital_period": 13.0,
            "inclination": 8.0,
            "habitable_zone": true,
            "radius": 0.76,
            "angular_separation": 40,
            "texture": null
          }
        ]
      },
      {
        "name": "Proxima Centauri",
        "sy_dist": 22.0,
        "ra": 205.0,
        "dec": -15.0,
        "st_teff": 3100,
        "st_lum": 0.0015,
        "distance_from_center": 110,
        "rotation_speed": 0.007,
        "planets": [
          {
            "name": "Proxima b",
            "semi_major_axis": 0.05,
            "eccentricity": 0.03,
            "orbital_period": 11.2,
            "inclination": 10.0,
            "habitable_zone": true,
            "radius": 1.3,
            "angular_separation": 0,
            "texture": "Venus.png"
          },
          {
            "name": "Proxima c",
            "semi_major_axis": 0.12,
            "eccentricity": 0.01,
            "orbital_period": 5.2,
            "inclination": 20.0,
            "habitable_zone": false,
            "radius": 1.0,
            "angular_separation": 35,
            "texture": null
          }
        ]
      },
      {
        "name": "Alpha Centauri A",
        "sy_dist": 30.0,
        "ra": 400.0,
        "dec": -60.0,
        "st_teff": 5700,
        "st_lum": 1.5,
        "distance_from_center": 130,
        "rotation_speed": 0.008,
        "planets": [
          {
            "name": "Alpha Centauri Ab",
            "semi_major_axis": 0.03,
            "eccentricity": 0.02,
            "orbital_period": 3.2,
            "inclination": 15.0,
            "habitable_zone": true,
            "radius": 1.2,
            "angular_separation": 0,
            "texture": "Earth.png"
          },
          {
            "name": "Alpha Centauri Bb",
            "semi_major_axis": 0.05,
            "eccentricity": 0.01,
            "orbital_period": 9.0,
            "inclination": 12.0,
            "habitable_zone": false,
            "radius": 0.8,
            "angular_separation": 25,
            "texture": null
          }
        ]
      },
      {
        "name": "Beta Pictoris",
        "sy_dist": 228.0,
        "ra": 1149.0,
        "dec": -60.0,
        "st_teff": 8200,
        "st_lum": 5.0,
        "distance_from_center": 140,
        "rotation_speed": 0.009,
        "planets": [
          {
            "name": "Beta Pictoris b",
            "semi_major_axis": 0.08,
            "eccentricity": 0.02,
            "orbital_period": 8.0,
            "inclination": 5.0,
            "habitable_zone": false,
            "radius": 1.5,
            "angular_separation": 0,
            "texture": "Mars.png"
          },
          {
            "name": "Beta Pictoris c",
            "semi_major_axis": 0.15,
            "eccentricity": 0.03,
            "orbital_period": 20.0,
            "inclination": 18.0,
            "habitable_zone": false,
            "radius": 0.7,
            "angular_separation": 40,
            "texture": null
          }
        ]
      },
      {
        "name": "HD 189733",
        "sy_dist": 635.0,
        "ra": 140.0,
        "dec": 43.0,
        "st_teff": 5000,
        "st_lum": 1.0,
        "distance_from_center": 160,
        "rotation_speed": 0.01,
        "planets": [
          {
            "name": "HD 189733 b",
            "semi_major_axis": 0.03,
            "eccentricity": 0.01,
            "orbital_period": 2.2,
            "inclination": 20.0,
            "habitable_zone": false,
            "radius": 1.0,
            "angular_separation": 0,
            "texture": "Earth.png"
          },
          {
            "name": "HD 189733 c",
            "semi_major_axis": 0.1,
            "eccentricity": 0.04,
            "orbital_period": 15.0,
            "inclination": 10.0,
            "habitable_zone": false,
            "radius": 0.6,
            "angular_separation": 30,
            "texture": null
          }
        ]
      },
      {
        "name": "Gliese 581",
        "sy_dist": 450.0,
        "ra": 220.0,
        "dec": 30.0,
        "st_teff": 4000,
        "st_lum": 0.3,
        "distance_from_center": 100,
        "rotation_speed": 0.004,
        "planets": [
          {
            "name": "Gliese 581g",
            "semi_major_axis": 0.22,
            "eccentricity": 0.1,
            "orbital_period": 37.0,
            "inclination": 5.0,
            "habitable_zone": true,
            "radius": 4.0,
            "angular_separation": 0,
            "texture": "Earth.png"
          },
          {
            "name": "Gliese 581d",
            "semi_major_axis": 15,
            "eccentricity": 0.05,
            "orbital_period": 66.0,
            "inclination": 8.0,
            "habitable_zone": false,
            "radius": 1.5,
            "angular_separation": 40,
            "texture": null
          }
        ]
      },
      {
        "name": "Kepler-22",
        "sy_dist": 40.0,
        "ra": 195.0,
        "dec": 20.0,
        "st_teff": 5500,
        "st_lum": 1.2,
        "distance_from_center": 115,
        "rotation_speed": 0.006,
        "planets": [
          {
            "name": "Kepler-22b",
            "semi_major_axis": 5,
            "eccentricity": 0.03,
            "orbital_period": 290.0,
            "inclination": 10.0,
            "habitable_zone": true,
            "radius": 2.4,
            "angular_separation": 0,
            "texture": "Mars.png"
          },
          {
            "name": "Kepler-22c",
            "semi_major_axis": 8.0,
            "eccentricity": 0.02,
            "orbital_period": 500.0,
            "inclination": 12.0,
            "habitable_zone": false,
            "radius": 1.5,
            "angular_separation": 35,
            "texture": null
          }
        ]
      }
    ]
  }
  